Title,Location,Price,Area
                        Apartment Vierwindenstraat                            ,            1013 CW Amsterdam (Haarlemmerbuurt)        ,"                €2,350 per month            ",75 m²
                        Apartment Kleine Wittenburgerstraat                            ,            1018 LZ Amsterdam (Oostelijke Eilanden/Kadijken)        ,"                €1,900 per month            ",60 m²
                        Apartment Maria Austriastraat                            ,            1087 JC Amsterdam (IJburg West)        ,"                €1,950 per month            ",39 m²
                        Apartment Biesboschstraat                            ,            1078 MK Amsterdam (Scheldebuurt)        ,"                €2,100 per month            ",80 m²
                        Apartment Derde Kostverlorenkade                            ,            1054 TN Amsterdam (Overtoomse Sluis)        ,"                €2,000 per month            ",60 m²
                        Apartment Olympiaweg                            ,            1076 VX Amsterdam (Stadionbuurt)        ,"                €1,850 per month            ",48 m²
                        Apartment Geldersekade                            ,            1011 EH Amsterdam (Burgwallen-Oude Zijde)        ,"                €2,500 per month            ",70 m²
                        Apartment Alexander Boersstraat 31 I                            ,            1071 KV Amsterdam (Museumkwartier)        ,"                €2,500 per month            ",61 m²
                        Apartment Ceintuurbaan                            ,            1072 GB Amsterdam (Oude Pijp)        ,"                €1,800 per month            ",72 m²
                        Apartment Overhaalsgang                            ,            1018 AT Amsterdam (Oostelijke Eilanden/Kadijken)        ,"                €1,795 per month            ",65 m²
                        Apartment Nieuwe Achtergracht                            ,            1018 XV Amsterdam (Weesperbuurt/Plantage)        ,"                €2,100 per month            ",61 m²
                        Apartment Maasstraat                            ,            1078 HM Amsterdam (Scheldebuurt)        ,"                €2,250 per month            ",100 m²
                        Apartment Bonairestraat                            ,            1058 XD Amsterdam (Westindische Buurt)        ,"                €1,850 per month            ",60 m²
                        Apartment Koninginneweg                            ,            1075 CT Amsterdam (Willemspark)        ,"                €4,000 per month            ",147 m²
                        Apartment Celebesstraat                            ,            1094 GB Amsterdam (Indische Buurt West)        ,"                €2,150 per month            ",75 m²
                        Apartment Panamalaan                            ,            1019 AZ Amsterdam (Oostelijk Havengebied)        ,"                €2,000 per month            ",85 m²
                        Apartment Westlandgracht                            ,            1059 TL Amsterdam (Hoofddorppleinbuurt)        ,"                €2,750 per month            ",110 m²
                        Apartment Van Nijenrodeweg 239                            ,            1082 GW Amsterdam (Buitenveldert-West)        ,"                €2,100 per month            ",87 m²
                        Apartment Maria Austriastraat                            ,            1087 JC Amsterdam (IJburg West)        ,"                €1,750 per month            ",44 m²
                        Apartment Nachtwachtlaan 100 PP                            ,            1058 EC Amsterdam (Overtoomse Veld)        ,"                €2,500 per month            ",103 m²
                        Apartment Borneostraat                            ,            1094 CJ Amsterdam (Indische Buurt West)        ,"                €2,750 per month            ",142 m²
                        Apartment Keizersgracht 453 3A                            ,            1017 DK Amsterdam (Grachtengordel-Zuid)        ,"                €1,950 per month            ",70 m²
                        House Moreelsestraat                            ,            1071 BJ Amsterdam (Museumkwartier)        ,"                €6,750 per month            ",195 m²
                        Apartment Tweede Jan Steenstraat 18 hs                            ,            1073 VN Amsterdam (Oude Pijp)        ,"                €2,750 per month            ",100 m²
                        Apartment Stadionweg                            ,            1077 TA Amsterdam (Apollobuurt)        ,"                €3,000 per month            ",120 m²
                        Apartment Willem de Zwijgerlaan                            ,            1055 PV Amsterdam (Landlust)        ,"                €2,850 per month            ",107 m²
                        Apartment Dijkgraafplein 219                            ,            1069 ER Amsterdam (De Punt)        ,"                €1,600 per month            ",100 m²
                        Apartment Voorthuizenstraat 17                            ,            1106 DJ Amsterdam (Gein)        ,"                €2,000 per month            ",130 m²
                        Apartment Middenweg 21 1                            ,            1098 AB Amsterdam (Middenmeer)        ,"                €1,600 per month            ",65 m²
                        Apartment Rustenburgerstraat                            ,            1072 HD Amsterdam (Nieuwe Pijp)        ,"                €2,550 per month            ",119 m²
